student_id,name,attendance,avg_grade,infractions,gender,support,mode,dropout_risk,program
STU0001,Student 1,90.0,8.9,0,F,medium,full_time,0,Engineering
STU0002,Student 2,83.6,10.0,0,M,medium,part_time,0,Engineering
STU0003,Student 3,91.5,5.4,0,M,low,full_time,1,Arts
STU0004,Student 4,100.0,8.3,0,M,medium,full_time,0,Arts
STU0005,Student 5,82.7,6.5,0,M,medium,full_time,0,Business
STU0006,Student 6,82.7,6.8,0,F,high,full_time,0,Engineering
STU0007,Student 7,100.0,6.6,0,F,high,full_time,0,Business
STU0008,Student 8,92.7,6.2,0,F,medium,part_time,1,Engineering
STU0009,Student 9,80.3,7.6,0,M,medium,full_time,0,Business
STU0010,Student 10,90.4,6.3,0,M,medium,full_time,1,Business
STU0011,Student 11,80.4,7.9,0,M,low,full_time,0,Science
STU0012,Student 12,80.3,7.4,0,M,low,full_time,0,Business
STU0013,Student 13,87.4,7.1,0,M,medium,part_time,1,Arts
STU0014,Student 14,65.9,6.1,0,M,medium,part_time,1,Business
STU0015,Student 15,67.8,6.6,0,M,high,full_time,0,Engineering
STU0016,Student 16,79.4,8.6,0,F,medium,full_time,0,Business
STU0017,Student 17,74.9,8.3,0,F,medium,full_time,0,Computer Science
STU0018,Student 18,88.1,6.0,0,F,medium,part_time,0,Education
STU0019,Student 19,75.9,7.6,0,F,low,full_time,1,Engineering
STU0020,Student 20,70.9,8.6,0,F,medium,full_time,0,Computer Science
STU0021,Student 21,99.7,5.0,0,M,medium,part_time,0,Engineering
STU0022,Student 22,82.7,8.3,0,F,medium,full_time,0,Arts
STU0023,Student 23,85.7,6.5,0,F,medium,part_time,1,Education
STU0024,Student 24,70.8,8.4,0,M,high,full_time,0,Education
STU0025,Student 25,79.6,6.4,0,M,high,full_time,0,Arts
STU0026,Student 26,86.1,4.8,0,F,medium,full_time,1,Education
STU0027,Student 27,73.5,5.1,0,M,medium,part_time,1,Arts
STU0028,Student 28,88.8,7.6,0,F,medium,part_time,1,Computer Science
STU0029,Student 29,79.0,7.9,0,F,medium,full_time,0,Science
STU0030,Student 30,82.1,6.1,0,M,medium,full_time,0,Engineering
STU0031,Student 31,79.0,8.5,0,M,low,full_time,1,Arts
STU0032,Student 32,100.0,5.0,0,M,medium,part_time,1,Engineering
STU0033,Student 33,84.9,7.4,0,M,medium,full_time,0,Computer Science
STU0034,Student 34,74.4,5.7,0,M,medium,full_time,1,Science
STU0035,Student 35,93.2,6.5,0,F,high,full_time,0,Computer Science
STU0036,Student 36,72.8,7.6,0,M,high,part_time,1,Education
STU0037,Student 37,87.1,6.2,0,M,high,full_time,0,Engineering
STU0038,Student 38,65.4,6.9,0,M,medium,full_time,0,Science
STU0039,Student 39,71.7,9.0,0,F,high,full_time,0,Education
STU0040,Student 40,87.0,6.6,0,M,low,part_time,1,Science
STU0041,Student 41,92.4,8.8,0,M,high,full_time,0,Education
STU0042,Student 42,86.7,5.8,0,F,low,full_time,1,Computer Science
STU0043,Student 43,83.8,8.3,0,F,high,part_time,0,Arts
STU0044,Student 44,82.0,9.7,0,M,medium,full_time,0,Engineering
STU0045,Student 45,70.2,3.8,0,F,high,full_time,0,Business
STU0046,Student 46,77.8,6.3,0,M,high,full_time,0,Business
STU0047,Student 47,80.4,8.4,0,M,low,part_time,1,Computer Science
STU0048,Student 48,95.6,7.2,0,M,medium,full_time,0,Engineering
STU0049,Student 49,88.4,8.1,0,M,high,part_time,0,Engineering
STU0050,Student 50,67.4,6.6,0,F,medium,full_time,1,Computer Science
STU0051,Student 51,88.2,7.6,0,M,high,full_time,0,Engineering
STU0052,Student 52,81.1,7.3,0,M,medium,full_time,0,Arts
STU0053,Student 53,78.2,9.3,0,F,medium,part_time,0,Computer Science
STU0054,Student 54,91.1,7.9,0,F,medium,full_time,0,Arts
STU0055,Student 55,95.3,8.0,0,M,medium,part_time,0,Engineering
STU0056,Student 56,94.3,6.9,0,F,high,full_time,0,Computer Science
STU0057,Student 57,76.6,6.8,0,M,medium,full_time,0,Engineering
STU0058,Student 58,81.9,6.9,0,F,medium,full_time,0,Computer Science
STU0059,Student 59,88.3,8.1,0,F,medium,part_time,1,Engineering
STU0060,Student 60,94.8,6.9,0,F,medium,full_time,0,Arts
STU0061,Student 61,80.2,7.9,0,M,high,full_time,0,Arts
STU0062,Student 62,83.1,10.0,0,M,high,full_time,0,Engineering
STU0063,Student 63,73.9,8.8,0,M,medium,part_time,0,Computer Science
STU0064,Student 64,73.0,7.0,0,M,high,full_time,0,Business
STU0065,Student 65,93.1,9.3,0,M,high,part_time,0,Arts
STU0066,Student 66,98.6,6.9,0,F,medium,full_time,0,Arts
STU0067,Student 67,84.3,4.4,0,M,high,full_time,0,Education
STU0068,Student 68,95.0,6.0,0,M,medium,full_time,0,Business
STU0069,Student 69,88.6,4.7,0,F,low,part_time,1,Engineering
STU0070,Student 70,78.5,7.0,0,M,high,part_time,0,Computer Science
STU0071,Student 71,88.6,7.5,0,F,medium,full_time,0,Education
STU0072,Student 72,100.0,10.0,0,M,high,full_time,0,Engineering
STU0073,Student 73,84.6,8.0,0,M,high,full_time,0,Science
STU0074,Student 74,100.0,7.2,0,M,low,full_time,1,Arts
STU0075,Student 75,58.8,8.7,0,M,high,full_time,0,Science
STU0076,Student 76,93.2,4.2,0,F,medium,full_time,0,Arts
STU0077,Student 77,85.9,7.9,0,M,medium,full_time,0,Arts
STU0078,Student 78,82.0,8.7,0,F,medium,full_time,0,Science
STU0079,Student 79,85.9,5.3,0,M,high,full_time,1,Science
STU0080,Student 80,65.1,9.2,0,M,low,full_time,0,Engineering
STU0081,Student 81,82.8,8.0,0,F,medium,full_time,0,Education
STU0082,Student 82,88.6,6.9,0,M,medium,full_time,0,Education
STU0083,Student 83,99.8,8.4,0,F,high,part_time,0,Science
STU0084,Student 84,79.8,10.0,0,F,medium,full_time,0,Engineering
STU0085,Student 85,76.9,7.8,0,F,low,full_time,0,Education
STU0086,Student 86,80.0,7.9,0,F,medium,full_time,0,Engineering
STU0087,Student 87,94.2,6.8,0,M,medium,full_time,0,Engineering
STU0088,Student 88,88.3,6.2,0,M,high,full_time,0,Arts
STU0089,Student 89,79.7,8.7,0,M,medium,full_time,0,Education
STU0090,Student 90,90.1,6.2,0,F,medium,part_time,0,Education
STU0091,Student 91,86.0,7.6,0,F,high,full_time,0,Arts
STU0092,Student 92,94.7,6.8,0,M,low,full_time,0,Science
STU0093,Student 93,78.0,8.2,0,F,high,full_time,0,Arts
STU0094,Student 94,81.7,8.0,0,M,medium,full_time,0,Education
STU0095,Student 95,81.1,9.1,0,F,high,full_time,0,Education
STU0096,Student 96,70.4,6.7,0,M,medium,part_time,1,Science
STU0097,Student 97,88.0,7.1,0,F,low,full_time,0,Arts
STU0098,Student 98,87.6,6.0,0,F,high,full_time,0,Computer Science
STU0099,Student 99,85.1,6.8,0,M,high,full_time,0,Computer Science
STU0100,Student 100,82.7,8.1,0,M,high,full_time,0,Science
STU0101,Student 101,70.8,8.6,0,M,low,part_time,1,Arts
STU0102,Student 102,80.8,6.1,0,M,high,full_time,1,Arts
STU0103,Student 103,81.6,8.8,0,M,high,full_time,0,Engineering
STU0104,Student 104,77.0,9.5,0,F,medium,full_time,0,Education
STU0105,Student 105,83.4,8.1,0,F,high,part_time,0,Business
STU0106,Student 106,89.0,10.0,0,F,high,full_time,0,Science
STU0107,Student 107,100.0,6.3,0,M,medium,full_time,0,Business
STU0108,Student 108,86.7,5.6,0,F,low,full_time,1,Business
STU0109,Student 109,87.6,4.8,0,F,medium,full_time,0,Science
STU0110,Student 110,84.3,9.7,0,M,low,full_time,0,Arts
STU0111,Student 111,65.8,8.5,0,F,medium,full_time,1,Science
STU0112,Student 112,84.7,7.4,0,F,medium,full_time,0,Business
STU0113,Student 113,85.6,7.9,0,M,low,full_time,0,Education
STU0114,Student 114,100.0,5.8,0,M,medium,full_time,0,Education
STU0115,Student 115,83.1,10.0,0,M,low,full_time,0,Education
STU0116,Student 116,88.0,7.7,0,M,high,full_time,0,Arts
STU0117,Student 117,84.7,7.7,0,F,high,full_time,0,Computer Science
STU0118,Student 118,73.3,8.6,0,F,low,full_time,1,Science
STU0119,Student 119,96.4,8.2,0,F,high,part_time,0,Education
STU0120,Student 120,92.5,7.8,0,M,medium,full_time,0,Science
STU0121,Student 121,92.9,6.3,0,M,medium,full_time,0,Education
STU0122,Student 122,75.9,8.2,0,F,low,full_time,1,Arts
STU0123,Student 123,99.0,10.0,0,F,medium,part_time,0,Computer Science
STU0124,Student 124,71.0,9.5,0,M,high,full_time,0,Computer Science
STU0125,Student 125,90.9,9.9,0,M,high,full_time,0,Education
STU0126,Student 126,100.0,6.7,0,F,low,full_time,1,Arts
STU0127,Student 127,75.1,6.0,0,M,low,full_time,1,Engineering
STU0128,Student 128,79.3,7.3,0,M,medium,full_time,0,Science
STU0129,Student 129,86.0,7.6,0,F,medium,full_time,0,Science
STU0130,Student 130,80.0,9.1,0,M,medium,full_time,0,Business
STU0131,Student 131,69.5,5.0,0,M,medium,part_time,1,Arts
STU0132,Student 132,85.7,9.8,0,M,high,full_time,0,Business
STU0133,Student 133,74.4,7.3,0,M,high,full_time,0,Education
STU0134,Student 134,89.7,6.9,0,F,medium,full_time,0,Business
STU0135,Student 135,75.8,6.0,0,M,high,full_time,0,Computer Science
STU0136,Student 136,100.0,5.0,0,M,medium,full_time,0,Science
STU0137,Student 137,77.2,8.7,0,F,medium,full_time,0,Business
STU0138,Student 138,81.8,7.6,0,F,medium,full_time,0,Computer Science
STU0139,Student 139,93.1,5.6,0,F,medium,part_time,1,Arts
STU0140,Student 140,72.7,5.6,0,M,high,part_time,1,Business
STU0141,Student 141,87.3,7.0,0,M,medium,full_time,0,Education
STU0142,Student 142,98.1,10.0,0,F,medium,full_time,0,Education
STU0143,Student 143,68.9,7.1,0,F,medium,part_time,1,Education
STU0144,Student 144,86.8,5.2,0,M,low,full_time,1,Science
STU0145,Student 145,87.6,7.1,0,M,high,part_time,0,Business
STU0146,Student 146,92.8,7.1,0,M,medium,full_time,0,Arts
STU0147,Student 147,72.6,3.5,0,F,medium,full_time,1,Business
STU0148,Student 148,71.8,7.4,0,F,medium,full_time,0,Science
STU0149,Student 149,90.2,7.2,0,M,medium,full_time,0,Computer Science
STU0150,Student 150,88.0,8.5,0,M,low,full_time,0,Science
STU0151,Student 151,87.5,10.0,0,F,medium,full_time,0,Education
STU0152,Student 152,88.5,9.2,0,F,medium,full_time,0,Computer Science
STU0153,Student 153,78.2,7.1,0,M,high,full_time,0,Education
STU0154,Student 154,87.3,5.8,0,F,high,full_time,0,Engineering
STU0155,Student 155,87.9,10.0,0,F,high,part_time,0,Science
STU0156,Student 156,77.9,7.6,0,M,medium,full_time,0,Science
STU0157,Student 157,100.0,7.5,0,F,medium,part_time,0,Arts
STU0158,Student 158,89.7,7.5,0,M,low,full_time,1,Business
STU0159,Student 159,73.1,7.8,0,F,high,full_time,0,Computer Science
STU0160,Student 160,91.6,7.3,0,F,medium,part_time,0,Computer Science
STU0161,Student 161,75.3,6.6,0,F,medium,full_time,0,Arts
STU0162,Student 162,92.9,6.7,0,F,medium,full_time,0,Arts
STU0163,Student 163,96.6,7.5,0,M,low,full_time,0,Business
STU0164,Student 164,76.8,6.7,0,F,medium,full_time,0,Education
STU0165,Student 165,94.6,6.4,0,F,low,full_time,1,Business
STU0166,Student 166,89.1,7.7,0,M,high,part_time,0,Science
STU0167,Student 167,93.2,7.1,0,F,medium,full_time,0,Education
STU0168,Student 168,100.0,9.8,0,F,low,full_time,0,Engineering
STU0169,Student 169,82.5,3.5,0,M,medium,full_time,1,Business
STU0170,Student 170,77.5,9.1,0,F,low,full_time,1,Arts
STU0171,Student 171,76.1,9.4,0,F,medium,full_time,0,Education
STU0172,Student 172,76.8,4.4,0,M,high,full_time,0,Business
STU0173,Student 173,84.2,7.0,0,F,low,full_time,1,Computer Science
STU0174,Student 174,88.4,6.9,0,M,high,full_time,0,Engineering
STU0175,Student 175,87.8,5.4,0,M,low,full_time,1,Science
STU0176,Student 176,93.3,6.3,0,M,medium,full_time,0,Computer Science
STU0177,Student 177,85.1,5.8,0,F,high,full_time,1,Computer Science
STU0178,Student 178,99.5,10.0,0,F,medium,full_time,0,Engineering
STU0179,Student 179,82.4,8.9,0,M,low,part_time,0,Science
STU0180,Student 180,100.0,9.4,0,M,medium,full_time,0,Arts
STU0181,Student 181,91.3,8.6,0,F,medium,full_time,1,Education
STU0182,Student 182,76.4,5.8,0,M,high,full_time,0,Science
STU0183,Student 183,74.3,6.7,0,F,medium,full_time,0,Business
STU0184,Student 184,89.8,8.2,0,F,high,full_time,0,Computer Science
STU0185,Student 185,82.8,5.7,0,M,high,full_time,0,Business
STU0186,Student 186,92.1,8.6,0,F,medium,full_time,0,Arts
STU0187,Student 187,89.7,7.1,0,M,high,full_time,0,Business
STU0188,Student 188,84.3,6.9,0,F,medium,full_time,0,Science
STU0189,Student 189,76.5,8.6,0,F,high,full_time,0,Business
STU0190,Student 190,69.9,8.2,0,F,low,full_time,1,Arts
STU0191,Student 191,80.5,7.0,0,M,medium,full_time,0,Arts
STU0192,Student 192,93.6,9.2,0,F,medium,part_time,0,Arts
STU0193,Student 193,87.1,5.9,0,M,medium,part_time,1,Science
STU0194,Student 194,72.5,8.4,0,M,medium,part_time,0,Arts
STU0195,Student 195,86.7,8.4,0,M,high,part_time,0,Computer Science
STU0196,Student 196,88.9,7.0,0,F,low,part_time,1,Arts
STU0197,Student 197,76.2,8.0,0,F,low,full_time,1,Business
STU0198,Student 198,86.5,5.6,0,F,high,full_time,0,Education
STU0199,Student 199,85.6,8.9,0,F,medium,full_time,0,Business
STU0200,Student 200,73.6,7.2,0,M,high,full_time,0,Education
STU0201,Student 201,88.6,6.7,0,F,high,full_time,0,Business
STU0202,Student 202,90.6,9.1,0,M,high,full_time,0,Science
STU0203,Student 203,95.8,6.4,0,F,high,full_time,0,Business
STU0204,Student 204,95.5,5.4,0,F,medium,full_time,0,Science
STU0205,Student 205,71.2,5.2,0,F,low,part_time,2,Science
STU0206,Student 206,75.6,8.4,0,F,high,full_time,0,Arts
STU0207,Student 207,90.2,5.6,0,M,medium,full_time,0,Computer Science
STU0208,Student 208,90.1,10.0,0,M,low,full_time,0,Education
STU0209,Student 209,90.2,4.4,0,F,medium,full_time,1,Arts
STU0210,Student 210,100.0,10.0,0,M,high,part_time,0,Arts
STU0211,Student 211,90.7,7.8,0,M,medium,full_time,0,Science
STU0212,Student 212,96.4,7.4,0,M,medium,part_time,0,Science
STU0213,Student 213,94.5,6.7,0,F,medium,full_time,0,Education
STU0214,Student 214,91.5,8.1,0,M,medium,full_time,0,Business
STU0215,Student 215,81.8,7.4,0,M,medium,full_time,0,Business
STU0216,Student 216,92.6,9.2,0,F,medium,full_time,0,Arts
STU0217,Student 217,77.3,7.7,0,F,low,full_time,0,Engineering
STU0218,Student 218,82.6,7.7,0,M,high,full_time,0,Engineering
STU0219,Student 219,80.1,7.0,0,M,medium,full_time,0,Business
STU0220,Student 220,85.8,7.4,0,M,high,part_time,0,Engineering
STU0221,Student 221,100.0,8.0,0,M,high,full_time,0,Business
STU0222,Student 222,66.3,4.9,0,M,medium,part_time,1,Science
STU0223,Student 223,91.9,5.5,0,F,medium,full_time,1,Arts
STU0224,Student 224,68.9,8.6,0,F,medium,full_time,0,Computer Science
STU0225,Student 225,80.3,7.8,0,F,high,full_time,0,Arts
STU0226,Student 226,95.9,7.2,0,M,medium,full_time,0,Business
STU0227,Student 227,85.6,7.5,0,F,medium,full_time,0,Business
STU0228,Student 228,74.2,8.0,0,M,medium,full_time,0,Arts
STU0229,Student 229,77.8,6.7,0,F,medium,full_time,0,Education
STU0230,Student 230,91.8,6.3,0,F,low,part_time,1,Business
STU0231,Student 231,77.7,7.8,0,M,medium,full_time,0,Engineering
STU0232,Student 232,87.2,6.0,0,F,high,part_time,0,Engineering
STU0233,Student 233,85.5,8.1,0,M,medium,full_time,0,Business
STU0234,Student 234,78.5,4.9,0,F,medium,full_time,1,Business
STU0235,Student 235,100.0,9.0,0,M,medium,full_time,0,Education
STU0236,Student 236,91.3,8.2,0,M,high,full_time,0,Engineering
STU0237,Student 237,64.7,7.9,0,F,low,full_time,0,Business
STU0238,Student 238,86.9,9.0,0,M,high,full_time,0,Business
STU0239,Student 239,78.4,10.0,0,F,medium,full_time,0,Education
STU0240,Student 240,93.5,9.0,0,M,medium,full_time,0,Education
STU0241,Student 241,77.1,4.7,0,F,low,part_time,2,Arts
STU0242,Student 242,83.9,5.6,0,F,low,part_time,1,Education
STU0243,Student 243,90.0,6.6,0,M,medium,full_time,0,Computer Science
STU0244,Student 244,93.7,7.5,0,M,medium,full_time,0,Engineering
STU0245,Student 245,73.0,8.3,0,M,high,full_time,0,Arts
STU0246,Student 246,81.7,6.4,0,M,low,full_time,1,Computer Science
STU0247,Student 247,80.3,7.8,0,M,medium,full_time,0,Business
STU0248,Student 248,78.5,6.4,0,F,medium,full_time,0,Business
STU0249,Student 249,100.0,6.6,0,F,low,full_time,0,Arts
STU0250,Student 250,89.0,5.4,0,F,low,full_time,0,Education
STU0251,Student 251,72.4,4.1,0,F,medium,full_time,1,Business
STU0252,Student 252,94.2,3.5,0,F,medium,part_time,1,Science
STU0253,Student 253,100.0,4.0,0,F,medium,part_time,0,Arts
STU0254,Student 254,95.3,7.1,0,M,medium,full_time,0,Computer Science
STU0255,Student 255,69.8,4.1,0,F,medium,part_time,1,Arts
STU0256,Student 256,80.2,9.4,0,F,low,part_time,0,Engineering
STU0257,Student 257,97.7,6.2,0,F,medium,full_time,0,Education
STU0258,Student 258,77.9,5.8,0,M,high,full_time,0,Education
STU0259,Student 259,89.4,4.2,0,M,medium,full_time,1,Arts
STU0260,Student 260,92.7,6.6,0,M,medium,part_time,1,Business
STU0261,Student 261,75.7,4.6,0,F,medium,part_time,1,Business
STU0262,Student 262,84.4,5.7,0,F,high,full_time,0,Science
STU0263,Student 263,52.6,9.3,0,M,high,full_time,0,Science
STU0264,Student 264,74.8,5.4,0,F,medium,full_time,0,Education
STU0265,Student 265,82.5,7.2,0,M,high,full_time,0,Science
STU0266,Student 266,72.5,4.4,0,M,low,full_time,1,Computer Science
STU0267,Student 267,100.0,5.4,0,M,low,part_time,1,Science
STU0268,Student 268,70.7,8.2,0,F,high,full_time,0,Computer Science
STU0269,Student 269,80.6,4.6,0,F,high,part_time,1,Science
STU0270,Student 270,86.3,8.2,0,M,low,part_time,1,Education
STU0271,Student 271,99.4,6.6,0,F,medium,full_time,0,Education
STU0272,Student 272,70.6,4.7,0,M,low,full_time,2,Computer Science
STU0273,Student 273,96.6,6.4,0,F,medium,full_time,1,Arts
STU0274,Student 274,85.1,7.0,0,F,high,full_time,0,Education
STU0275,Student 275,75.2,6.4,0,F,medium,full_time,0,Arts
STU0276,Student 276,89.6,3.1,0,M,medium,full_time,1,Business
STU0277,Student 277,87.0,4.4,0,F,medium,full_time,1,Computer Science
STU0278,Student 278,79.0,5.1,0,F,low,full_time,1,Education
STU0279,Student 279,85.7,5.4,0,M,medium,full_time,0,Engineering
STU0280,Student 280,81.1,6.4,0,F,medium,full_time,0,Business
STU0281,Student 281,86.1,5.8,0,M,high,full_time,0,Arts
STU0282,Student 282,91.6,3.5,0,F,high,full_time,0,Education
STU0283,Student 283,100.0,6.1,0,M,low,full_time,1,Computer Science
STU0284,Student 284,72.6,6.4,0,F,high,full_time,0,Science
STU0285,Student 285,100.0,6.3,0,F,high,full_time,0,Engineering
STU0286,Student 286,65.5,7.1,0,M,high,full_time,1,Arts
STU0287,Student 287,83.5,6.8,0,M,medium,full_time,0,Business
STU0288,Student 288,90.9,6.2,0,M,medium,full_time,0,Computer Science
STU0289,Student 289,87.8,5.4,0,M,medium,part_time,1,Engineering
STU0290,Student 290,78.8,3.0,0,M,low,full_time,2,Computer Science
STU0291,Student 291,82.9,6.1,0,F,medium,full_time,0,Education
STU0292,Student 292,80.1,5.8,0,M,medium,full_time,0,Science
STU0293,Student 293,79.1,5.9,0,M,medium,full_time,0,Business
STU0294,Student 294,93.5,3.6,0,F,high,full_time,0,Computer Science
STU0295,Student 295,88.6,3.9,0,M,medium,full_time,0,Arts
STU0296,Student 296,78.1,7.1,0,F,low,full_time,1,Education
STU0297,Student 297,94.0,5.4,0,F,high,full_time,0,Education
STU0298,Student 298,88.1,6.5,0,F,high,full_time,0,Business
STU0299,Student 299,93.1,5.5,0,F,high,full_time,0,Education
STU0300,Student 300,91.3,5.5,0,F,high,full_time,0,Arts
STU0301,Student 301,57.6,6.9,0,M,medium,part_time,1,Computer Science
STU0302,Student 302,61.6,4.7,0,M,high,full_time,1,Business
STU0303,Student 303,81.2,5.6,2,M,low,full_time,0,Education
STU0304,Student 304,79.2,4.8,1,F,medium,full_time,1,Education
STU0305,Student 305,69.7,4.8,4,M,medium,full_time,2,Arts
STU0306,Student 306,71.8,5.0,2,F,low,full_time,1,Science
STU0307,Student 307,89.2,5.8,3,F,low,full_time,1,Science
STU0308,Student 308,61.1,4.8,3,F,medium,full_time,1,Education
STU0309,Student 309,78.2,7.4,0,F,high,full_time,0,Computer Science
STU0310,Student 310,67.0,4.2,1,M,medium,full_time,1,Business
STU0311,Student 311,66.7,5.2,1,F,low,full_time,2,Education
STU0312,Student 312,86.5,4.8,2,F,high,part_time,1,Engineering
STU0313,Student 313,82.4,7.7,3,M,medium,full_time,0,Business
STU0314,Student 314,82.2,5.8,1,M,medium,full_time,0,Science
STU0315,Student 315,89.6,7.0,3,F,medium,full_time,1,Education
STU0316,Student 316,70.3,3.3,1,F,medium,full_time,1,Arts
STU0317,Student 317,80.2,5.9,0,F,medium,full_time,0,Engineering
STU0318,Student 318,65.3,6.8,1,F,high,full_time,0,Education
STU0319,Student 319,74.9,5.6,3,F,medium,full_time,1,Computer Science
STU0320,Student 320,68.0,7.1,1,M,medium,full_time,0,Engineering
STU0321,Student 321,71.5,4.7,1,M,high,full_time,1,Education
STU0322,Student 322,78.9,7.6,2,M,high,full_time,1,Computer Science
STU0323,Student 323,57.7,8.9,4,M,low,part_time,2,Engineering
STU0324,Student 324,100.0,5.0,1,F,low,full_time,1,Computer Science
STU0325,Student 325,54.9,4.8,1,F,low,full_time,1,Computer Science
STU0326,Student 326,51.8,7.7,3,F,medium,full_time,1,Engineering
STU0327,Student 327,87.4,7.9,2,M,medium,full_time,0,Engineering
STU0328,Student 328,81.9,4.7,2,F,low,part_time,2,Computer Science
STU0329,Student 329,79.4,4.9,2,F,high,full_time,1,Science
STU0330,Student 330,79.4,5.1,2,F,medium,full_time,1,Engineering
STU0331,Student 331,69.8,3.5,1,F,medium,full_time,1,Education
STU0332,Student 332,56.5,4.1,0,M,medium,full_time,1,Business
STU0333,Student 333,71.1,4.0,2,M,medium,full_time,1,Arts
STU0334,Student 334,59.8,4.3,1,M,low,full_time,1,Computer Science
STU0335,Student 335,84.6,5.4,1,M,medium,full_time,1,Computer Science
STU0336,Student 336,67.8,5.9,2,M,high,full_time,1,Arts
STU0337,Student 337,57.6,7.8,0,F,medium,full_time,0,Science
STU0338,Student 338,65.2,4.0,0,F,medium,part_time,1,Arts
STU0339,Student 339,76.2,7.0,1,F,medium,part_time,0,Engineering
STU0340,Student 340,61.5,5.2,2,F,low,part_time,2,Arts
STU0341,Student 341,57.7,5.4,2,M,low,full_time,2,Computer Science
STU0342,Student 342,73.7,6.5,0,F,medium,full_time,0,Arts
STU0343,Student 343,73.7,3.8,0,M,medium,part_time,1,Business
STU0344,Student 344,62.4,6.1,3,M,low,full_time,2,Education
STU0345,Student 345,62.9,5.7,3,M,high,full_time,1,Engineering
STU0346,Student 346,73.5,6.2,0,M,high,part_time,0,Arts
STU0347,Student 347,48.3,5.9,1,M,high,part_time,1,Computer Science
STU0348,Student 348,48.9,9.2,2,M,high,full_time,0,Education
STU0349,Student 349,59.2,4.5,0,M,medium,full_time,1,Engineering
STU0350,Student 350,66.8,4.7,2,F,high,full_time,1,Computer Science
STU0351,Student 351,74.7,4.6,1,M,low,part_time,2,Science
STU0352,Student 352,92.1,4.7,0,M,high,part_time,0,Business
STU0353,Student 353,82.9,4.5,2,M,high,full_time,1,Science
STU0354,Student 354,67.6,7.3,4,F,high,full_time,1,Business
STU0355,Student 355,69.7,7.6,2,M,high,part_time,0,Arts
STU0356,Student 356,55.0,4.6,0,M,medium,full_time,1,Engineering
STU0357,Student 357,69.7,4.3,1,M,medium,full_time,1,Arts
STU0358,Student 358,65.7,6.2,0,M,medium,part_time,1,Business
STU0359,Student 359,74.8,4.7,2,M,medium,full_time,1,Business
STU0360,Student 360,57.6,6.4,3,M,low,full_time,1,Business
STU0361,Student 361,77.8,5.8,4,M,medium,full_time,1,Education
STU0362,Student 362,93.0,3.2,3,M,high,full_time,1,Computer Science
STU0363,Student 363,68.4,7.8,3,M,low,part_time,2,Engineering
STU0364,Student 364,76.0,8.2,2,F,high,full_time,1,Arts
STU0365,Student 365,80.4,4.6,0,F,high,part_time,1,Arts
STU0366,Student 366,64.0,4.9,2,M,high,full_time,1,Science
STU0367,Student 367,73.4,5.9,4,M,high,full_time,2,Business
STU0368,Student 368,70.2,6.0,3,F,medium,full_time,1,Business
STU0369,Student 369,71.5,6.5,4,M,high,full_time,1,Business
STU0370,Student 370,58.4,8.5,1,M,high,full_time,0,Arts
STU0371,Student 371,70.4,5.2,1,F,low,full_time,1,Science
STU0372,Student 372,77.5,4.3,1,M,medium,full_time,1,Computer Science
STU0373,Student 373,91.8,3.4,2,M,high,full_time,1,Education
STU0374,Student 374,84.4,4.4,1,M,medium,full_time,1,Engineering
STU0375,Student 375,100.0,5.5,1,F,medium,full_time,0,Computer Science
STU0376,Student 376,58.5,8.2,0,M,medium,full_time,1,Arts
STU0377,Student 377,83.1,4.7,3,F,low,full_time,2,Education
STU0378,Student 378,72.8,5.8,2,F,medium,full_time,1,Education
STU0379,Student 379,100.0,5.5,1,M,high,full_time,0,Education
STU0380,Student 380,57.9,7.3,1,M,medium,full_time,0,Business
STU0381,Student 381,57.4,9.3,2,M,low,full_time,2,Engineering
STU0382,Student 382,61.0,4.7,5,M,low,part_time,2,Arts
STU0383,Student 383,38.1,4.8,0,M,medium,part_time,2,Arts
STU0384,Student 384,62.1,7.1,0,F,high,full_time,0,Education
STU0385,Student 385,58.6,6.5,2,F,medium,full_time,1,Arts
STU0386,Student 386,72.3,8.3,1,F,medium,part_time,1,Engineering
STU0387,Student 387,75.1,6.4,2,M,medium,full_time,1,Engineering
STU0388,Student 388,98.1,5.0,1,F,medium,part_time,0,Science
STU0389,Student 389,84.3,6.4,1,F,high,part_time,1,Science
STU0390,Student 390,61.3,7.2,2,F,high,part_time,1,Computer Science
STU0391,Student 391,56.5,6.7,2,M,low,full_time,2,Engineering
STU0392,Student 392,77.4,6.3,1,F,medium,full_time,0,Engineering
STU0393,Student 393,50.2,7.1,0,M,low,full_time,1,Engineering
STU0394,Student 394,97.5,7.3,1,M,medium,full_time,0,Science
STU0395,Student 395,87.7,7.6,2,M,medium,full_time,1,Education
STU0396,Student 396,63.0,6.5,1,F,low,full_time,2,Education
STU0397,Student 397,44.3,5.2,3,F,medium,full_time,2,Arts
STU0398,Student 398,90.3,5.7,0,M,medium,part_time,0,Education
STU0399,Student 399,68.3,7.3,5,M,high,full_time,1,Business
STU0400,Student 400,88.6,4.3,0,M,high,part_time,0,Science
STU0401,Student 401,46.1,6.1,2,M,low,part_time,1,Engineering
STU0402,Student 402,61.0,4.9,2,M,high,full_time,1,Education
STU0403,Student 403,70.1,5.5,1,M,medium,full_time,1,Science
STU0404,Student 404,70.7,7.4,3,F,medium,part_time,1,Education
STU0405,Student 405,63.2,5.8,2,M,high,full_time,1,Computer Science
STU0406,Student 406,79.3,5.6,0,M,high,full_time,0,Engineering
STU0407,Student 407,54.0,3.5,2,M,high,full_time,1,Computer Science
STU0408,Student 408,67.9,6.6,0,F,medium,full_time,0,Engineering
STU0409,Student 409,71.8,6.5,0,F,medium,full_time,0,Science
STU0410,Student 410,77.7,8.7,2,F,high,full_time,0,Arts
STU0411,Student 411,80.7,5.0,1,M,medium,full_time,1,Education
STU0412,Student 412,53.1,5.8,3,F,medium,full_time,1,Education
STU0413,Student 413,47.0,5.9,2,M,medium,full_time,1,Business
STU0414,Student 414,89.2,7.9,3,F,medium,full_time,0,Computer Science
STU0415,Student 415,75.0,5.4,0,F,medium,full_time,1,Education
STU0416,Student 416,58.8,5.9,2,F,low,part_time,2,Science
STU0417,Student 417,93.3,6.4,0,F,high,full_time,0,Arts
STU0418,Student 418,71.7,5.8,0,F,low,full_time,1,Science
STU0419,Student 419,87.7,4.8,1,M,medium,full_time,1,Computer Science
STU0420,Student 420,71.0,5.8,1,F,medium,full_time,1,Business
STU0421,Student 421,100.0,7.1,1,M,low,full_time,0,Education
STU0422,Student 422,96.3,4.0,1,F,low,part_time,2,Science
STU0423,Student 423,66.3,5.7,1,M,low,full_time,1,Engineering
STU0424,Student 424,84.6,4.4,3,M,high,part_time,1,Arts
STU0425,Student 425,79.7,7.3,1,M,medium,full_time,0,Science
STU0426,Student 426,70.5,1.2,4,M,high,full_time,2,Arts
STU0427,Student 427,35.5,2.7,1,M,medium,full_time,1,Education
STU0428,Student 428,60.3,4.1,2,F,medium,part_time,2,Engineering
STU0429,Student 429,65.9,5.8,1,M,medium,full_time,0,Business
STU0430,Student 430,23.6,3.4,1,M,medium,full_time,2,Business
STU0431,Student 431,32.3,2.7,2,F,high,full_time,2,Engineering
STU0432,Student 432,19.4,6.3,3,M,medium,full_time,2,Arts
STU0433,Student 433,46.0,1.3,1,F,medium,full_time,2,Education
STU0434,Student 434,60.8,0.2,4,F,high,full_time,2,Science
STU0435,Student 435,72.5,4.2,1,F,high,full_time,1,Engineering
STU0436,Student 436,51.1,2.7,1,F,high,full_time,1,Computer Science
STU0437,Student 437,74.4,2.0,3,M,medium,full_time,1,Arts
STU0438,Student 438,29.3,4.6,1,F,high,part_time,2,Business
STU0439,Student 439,24.4,3.9,1,M,medium,part_time,2,Engineering
STU0440,Student 440,49.2,2.7,2,M,medium,part_time,2,Business
STU0441,Student 441,55.8,1.6,1,F,medium,full_time,1,Arts
STU0442,Student 442,49.5,4.8,3,M,medium,full_time,1,Business
STU0443,Student 443,19.0,4.5,2,F,low,full_time,2,Engineering
STU0444,Student 444,48.7,3.4,1,F,medium,full_time,1,Arts
STU0445,Student 445,30.4,6.3,4,F,high,full_time,2,Computer Science
STU0446,Student 446,60.0,1.9,2,F,medium,full_time,1,Engineering
STU0447,Student 447,55.5,1.2,1,M,low,full_time,2,Science
STU0448,Student 448,35.9,2.5,3,M,low,full_time,2,Education
STU0449,Student 449,42.3,3.4,1,F,high,part_time,2,Engineering
STU0450,Student 450,34.1,3.9,4,M,medium,full_time,1,Arts
STU0451,Student 451,49.1,3.1,3,F,medium,full_time,2,Education
STU0452,Student 452,64.3,4.0,2,F,high,full_time,1,Engineering
STU0453,Student 453,35.2,1.6,5,F,high,full_time,2,Computer Science
STU0454,Student 454,57.6,5.7,3,M,medium,full_time,1,Computer Science
STU0455,Student 455,42.0,3.4,3,M,medium,part_time,2,Science
STU0456,Student 456,38.1,5.2,3,M,high,part_time,2,Business
STU0457,Student 457,48.4,4.0,4,M,medium,full_time,2,Education
STU0458,Student 458,34.5,4.2,1,F,low,part_time,2,Arts
STU0459,Student 459,41.7,4.4,3,M,high,part_time,2,Arts
STU0460,Student 460,32.0,4.2,7,M,medium,part_time,2,Business
STU0461,Student 461,79.5,4.5,3,M,medium,part_time,2,Computer Science
STU0462,Student 462,50.5,5.5,5,F,medium,full_time,1,Computer Science
STU0463,Student 463,39.5,3.8,2,F,low,full_time,2,Engineering
STU0464,Student 464,53.2,4.6,3,M,low,full_time,2,Science
STU0465,Student 465,48.3,3.4,1,M,high,full_time,1,Education
STU0466,Student 466,46.7,5.7,5,M,low,part_time,2,Science
STU0467,Student 467,59.2,2.5,4,M,medium,full_time,2,Science
STU0468,Student 468,61.4,6.2,3,F,medium,full_time,1,Engineering
STU0469,Student 469,42.0,3.4,7,F,low,part_time,2,Science
STU0470,Student 470,41.4,1.4,4,M,high,part_time,2,Business
STU0471,Student 471,45.9,3.7,7,M,medium,part_time,2,Engineering
STU0472,Student 472,15.5,2.5,5,F,medium,full_time,2,Business
STU0473,Student 473,27.3,4.8,2,M,medium,full_time,2,Engineering
STU0474,Student 474,70.5,2.5,1,F,medium,full_time,2,Science
STU0475,Student 475,74.7,2.8,6,M,low,full_time,2,Business
STU0476,Student 476,46.3,0.7,2,M,high,full_time,2,Business
STU0477,Student 477,58.6,2.8,3,M,high,full_time,2,Business
STU0478,Student 478,54.7,0.0,3,M,medium,part_time,2,Engineering
STU0479,Student 479,96.2,1.1,3,F,medium,full_time,2,Arts
STU0480,Student 480,66.8,4.6,4,M,high,full_time,1,Science
STU0481,Student 481,48.1,4.7,9,M,high,full_time,2,Business
STU0482,Student 482,35.7,4.1,4,M,medium,full_time,2,Education
STU0483,Student 483,25.9,2.0,4,M,medium,full_time,2,Arts
STU0484,Student 484,53.1,3.4,7,M,medium,part_time,2,Education
STU0485,Student 485,38.7,3.5,7,M,high,full_time,2,Science
STU0486,Student 486,28.7,1.8,4,F,high,part_time,2,Science
STU0487,Student 487,40.3,5.8,3,M,low,full_time,2,Business
STU0488,Student 488,33.8,4.8,6,M,medium,part_time,2,Business
STU0489,Student 489,75.3,3.2,6,F,high,full_time,1,Engineering
STU0490,Student 490,63.2,3.5,0,M,high,full_time,1,Arts
STU0491,Student 491,49.9,3.8,3,F,high,full_time,1,Arts
STU0492,Student 492,72.2,0.4,5,M,high,part_time,2,Business
STU0493,Student 493,51.2,3.1,4,F,medium,full_time,2,Science
STU0494,Student 494,37.1,2.5,3,F,medium,full_time,2,Business
STU0495,Student 495,72.8,2.0,3,F,medium,part_time,2,Science
STU0496,Student 496,58.1,3.1,7,F,low,part_time,2,Science
STU0497,Student 497,34.4,6.2,3,M,medium,full_time,2,Business
STU0498,Student 498,47.1,4.5,3,F,high,full_time,2,Computer Science
STU0499,Student 499,36.9,2.6,3,M,low,full_time,2,Arts
STU0500,Student 500,29.3,4.4,6,M,high,full_time,2,Education
